"","id","group","year","wasi_age","wasi_gender","bryant_percent","empathy_conceptual","empathy_exact","rmet_percent_correct","mep_total","wasi_fsiq2","wasi_fsiq4","wasi_pri","wasi_vci","baseage"
"1","M102","Music","Y1",6.44109589,"m","0.318181818",0.75,0.75,0.392857143,NA,91,91,86,99,6.44109589
"2","M106","Music","Y1",7.21369863,"f","0.636363636",0.75,0.75,0.535714286,NA,97,93,90,98,7.21369863
"3","M107","Music","Y1",7.334246575,"m","0.5",0.5,0,0.25,NA,84,81,80,86,7.334246575
"4","M108","Music","Y1",6.339726027,"f","0.454545455",0.75,0.75,0.464285714,NA,121,112,121,102,6.339726027
"5","M109","Music","Y1",6.189041096,"m","0.409090909",0.75,0.75,0.464285714,NA,94,90,92,98,6.189041096
"6","M112","Music","Y1",6.717808219,"f","0.636363636",0.25,0.25,0.464285714,NA,116,108,109,105,6.717808219
"7","M113","Music","Y1",7.002739726,"m","0.272727273",1,0.5,0.357142857,NA,82,91,100,85,7.002739726
"8","S101","Sport","Y1",7.624657534,"f","0.545454545",0.5,0.5,0.214285714,NA,87,78,84,77,7.624657534
"9","S103","Sport","Y1",6.301369863,"f","0.545454545",0.5,0.25,0.5,NA,102,97,88,105,6.301369863
"10","S104","Sport","Y1",6.843835616,"m","0.5",1,1,0.285714286,NA,85,86,74,102,6.843835616
"11","S105","Sport","Y1",5.961643836,"f","0.454545455",1,0,0.428571429,NA,103,105,110,99,5.961643836
"12","S107","Sport","Y1",5.731506849,"f","0.590909091",0.75,0,0.428571429,NA,93,88,91,89,5.731506849
"13","S108","Sport","Y1",7.282191781,"m","0.909090909",1,0.5,0.785714286,NA,102,105,96,105,7.282191781
"14","S109","Sport","Y1",6.082191781,"m","0.5",0.25,0.25,0.5,NA,72,77,81,77,6.082191781
"15","S110","Sport","Y1",7.02739726,"f","0.454545455",1,0.5,0.464285714,NA,94,88,88,91,7.02739726
"16","S111","Sport","Y1",6.038356164,"m","0.590909091",0.75,0.75,0.571428571,NA,85,87,82,96,6.038356164
"17","S114","Sport","Y1",6.975342466,"f","0.545454545",1,0.25,0.464285714,NA,103,102,107,97,6.975342466
"18","S117","Sport","Y1",6.575342466,"f","0.5",1,0.25,0.535714286,NA,98,96,91,102,6.575342466
"19","C101","Control","Y1",7.512328767,"f","0.636363636",1,0.5,0.678571429,NA,87,88,84,95,7.512328767
"20","C102","Control","Y1",6.6,"f","0.5",1,0.666666667,0.642857143,NA,98,95,95,96,6.6
"21","C107","Control","Y1",7.243835616,"f","0.590909091",0.666666667,0.25,0.714285714,NA,125,121,116,120,7.243835616
"22","C108","Control","Y1",6.38630137,"f","0.545454545",1,1,0.428571429,NA,97,100,91,104,6.38630137
"23","C109","Control","Y1",7.317808219,"m","0.681818182",0.75,0.75,0.571428571,NA,104,94,87,102,7.317808219
"24","C111","Control","Y1",6.619178082,"f","0.636363636",0.25,0.25,0.214285714,NA,94,87,96,80,6.619178082
"25","C112","Control","Y1",7.082191781,"m","0.227272727",1,1,0.464285714,NA,82,81,86,80,7.082191781
"26","C113","Control","Y1",7.049315068,"f","0.590909091",0.5,0.25,0.25,NA,82,89,92,90,7.049315068
"27","C114","Control","Y1",6.290410959,"m","0.545454545",0,0,0.535714286,NA,100,100,93,105,6.290410959
"28","C116","Control","Y1",7.282191781,"m","0.363636364",0.75,0.75,0.285714286,NA,89,86,100,75,7.282191781
"29","C104","Control","Y1",7.542465753,"f","0.454545455",0.25,0,0.571428571,NA,74,78,79,81,7.542465753
"30","M105","Music","Y1",6.219178082,"m","0.545454545",1,1,0.25,NA,93,89,90,91,6.219178082
"31","S112","Sport","Y1",6.389041096,"m","0.772727273",1,1,0.535714286,NA,96,85,83,91,6.389041096
"32","C115","Control","Y1",7.115068493,"m","0.454545455",0.5,0,0.678571429,NA,99,94,92,98,7.115068493
"33","M101","Music","Y1",6.452054795,"m","0.545454545",1,1,0.464285714,NA,92,94,92,99,6.452054795
"34","M104","Music","Y1",6.032876712,"m","0.636363636",0.666666667,0.666666667,0.464285714,NA,103,98,97,99,6.032876712
"35","M110","Music","Y1",6.665753425,"m","0.5",1,1,0.392857143,NA,102,104,111,96,6.665753425
"36","M111","Music","Y1",6.665753425,"f","0.409090909",0.75,0.5,0.285714286,NA,94,101,107,95,6.665753425
"37","S106","Sport","Y1",7.126027397,"m","0.545454545",0.333333333,0.25,0.642857143,NA,88,81,80,87,7.126027397
"38","C106","Control","Y1",6.430136986,"f","0.409090909",0.5,0.5,0.214285714,NA,80,89,96,76,6.430136986
"39","M02","Music","Y1",6.416438356,"m","0.36",1,1,0.642857143,NA,105,96,96,96,6.416438356
"40","M04","Music","Y1",7.183561644,"f","0.27",0.5,0.25,0.75,NA,92,97,98,96,7.183561644
"41","M05","Music","Y1",5.967123288,"f","0.68",0,0,0.607142857,NA,112,113,116,109,5.967123288
"42","M06","Music","Y1",6.169863014,"f","0.73",0.75,0.75,0.5,NA,103,102,120,85,6.169863014
"43","M07","Music","Y1",6.134246575,"m","0.14",0,0,0.714285714,NA,107,105,120,90,6.134246575
"44","M09","Music","Y1",6.824657534,"m","0.64",1,0.25,0.607142857,NA,137,141,134,142,6.824657534
"45","M10","Music","Y1",6.21369863,"m","0.64",0.75,0.25,0.5,NA,95,92,104,83,6.21369863
"46","M12","Music","Y1",6.865753425,"m","0.64",0.25,0.25,0.5,NA,100,103,107,99,6.865753425
"47","M17","Music","Y1",6.742465753,"f","0.64",0.25,0.25,0.821428571,NA,105,104,107,98,6.742465753
"48","S01","Sport","Y1",7.663013699,"f","0.55",0,0,0.678571429,NA,89,95,89,102,7.663013699
"49","S04","Sport","Y1",8.008219178,"m","0.59",0,0,0.892857143,NA,102,94,94,95,8.008219178
"50","S07","Sport","Y1",7.230136986,"f","0.55",0.75,0.5,0.571428571,NA,89,86,86,88,7.230136986
"51","S08","Sport","Y1",6.879452055,"f","0.55",1,0.25,0.428571429,NA,107,111,114,106,6.879452055
"52","S17","Sport","Y1",7.564383562,"m","0.64",0.25,0,0.642857143,NA,115,106,103,107,7.564383562
"53","S28","Sport","Y1",6.635616438,"m","0.55",1,0.5,0.666666667,NA,96,94,94,95,6.635616438
"54","S31","Sport","Y1",5.819178082,"m","0.681818182",1,1,0.392857143,NA,109,107,100,112,5.819178082
"55","C02","Control","Y1",6.808219178,"m","0.59",0.25,0.25,0.607142857,NA,112,105,112,98,6.808219178
"56","C03","Control","Y1",6.676712329,"m","0.59",0,0,0.285714286,NA,81,79,90,74,6.676712329
"57","C04","Control","Y1",6.668493151,"m","0.55",1,0.75,0.321428571,NA,107,98,101,95,6.668493151
"58","C07","Control","Y1",6.449315068,"m","0.41",0.5,0.5,0.464285714,NA,94,94,94,96,6.449315068
"59","C08","Control","Y1",7.794520548,"f","0.32",0.75,0.75,0.392857143,NA,101,100,106,95,7.794520548
"60","C17","Control","Y1",6.876712329,"m","0.41",0.75,0.75,0.333333333,NA,105,100,102,99,6.876712329
"61","C19","Control","Y1",7.797260274,"f","0.55",1,1,0.678571429,NA,101,96,100,92,7.797260274
"62","M01","Music","Y1",5.978082192,"m","0.73",1,0.75,0.392857143,NA,94,108,117,98,5.978082192
"63","M03","Music","Y1",6.769863014,"m","0.36",1,0.75,0.571428571,NA,103,93,95,94,6.769863014
"64","M11","Music","Y1",6.720547945,"f","0.41",0.5,0.5,0.357142857,NA,88,87,92,85,6.720547945
"65","M15","Music","Y1",6.178082192,"m","0.55",0.5,0.5,0.25,NA,100,106,111,100,6.178082192
"66","S05","Sport","Y1",7.783561644,"m","0.55",1,0.5,0.714285714,NA,114,111,117,104,7.783561644
"67","S10","Sport","Y1",7.482191781,"m","0.23",0,0,0.642857143,NA,99,93,96,92,7.482191781
"68","S14","Sport","Y1",6.934246575,"m","0.59",0.75,0.75,0.357142857,NA,103,109,96,119,6.934246575
"69","S22","Sport","Y1",6.821917808,"f","0.55",1,1,0.407407407,NA,98,101,101,101,6.821917808
"70","C01","Control","Y1",7.389041096,"m","0.64",0.75,0.25,0.642857143,NA,87,87,90,87,7.389041096
"71","C05","Control","Y1",6.761643836,"m","0.41",0.5,0.5,0.357142857,NA,107,102,100,103,6.761643836
"72","C06","Control","Y1",7.98630137,"m","0.64",0.25,0,0.5,NA,82,81,79,89,7.98630137
"73","C11","Control","Y1",7.169863014,"m","0.45",0.75,0.5,0.5,NA,87,83,83,87,7.169863014
"74","C12","Control","Y1",7.336986301,"m","0.45",0.75,0.75,0.714285714,NA,87,83,79,90,7.336986301
"75","C18","Control","Y1",7.049315068,"m","0.32",1,0.5,0.464285714,NA,118,113,114,110,7.049315068
"76","M08","Music","Y1",6.852054795,"f","0.82",1,0.25,0.642857143,NA,105,105,113,96,6.852054795
"77","C10","Control","Y1",6.487671233,"f","0.55",0.25,0.25,0.357142857,NA,110,108,100,113,6.487671233
"78","C16","Control","Y1",6.501369863,"m","0.55",1,0.25,0.407407407,NA,105,102,110,92,6.501369863
"79","S15","Sport","Y1",7.263013699,"m","0.59",1,1,0.714285714,NA,89,82,90,78,7.263013699
"80","S21","Sport","Y1",5.978082192,"m","0.55",1,0.75,0.259259259,NA,105,102,94,109,5.978082192
"81","C09","Control","Y1",6.38630137,"f","0.77",1,1,0.571428571,NA,107,100,94,106,6.38630137
"82","S02","Sport","Y1",7.55890411,"m","0.55",1,1,0.571428571,NA,83,85,84,90,7.55890411
"83","S32","Sport","Y1",6.690410959,"f","0.636363636",1,0.75,0.392857143,NA,91,96,100,92,6.690410959
"84","M102","Music","Y2",7.432876712,"m","0.181818182",0,0,0.75,NA,85,86,75,101,6.44109589
"85","M106","Music","Y2",8.202739726,"f","0.590909091",0.833333333,0.666666667,0.75,NA,86,87,84,94,7.21369863
"86","M107","Music","Y2",8.189041096,"m","0.272727273",0.833333333,0.666666667,0.464285714,NA,75,74,73,80,7.334246575
"87","M108","Music","Y2",7.221917808,"f","0.636363636",1,0.833333333,0.642857143,NA,111,110,100,117,6.339726027
"88","M109","Music","Y2",7.128767123,"m","0.363636364",1,0.833333333,0.428571429,NA,101,101,104,98,6.189041096
"89","M112","Music","Y2",7.490410959,"f","0.545454545",1,0.666666667,0.571428571,NA,106,102,99,104,6.717808219
"90","M113","Music","Y2",7.84109589,"m","0.590909091",1,0.833333333,0.464285714,NA,92,94,95,95,7.002739726
"91","S101","Sport","Y2",8.723287671,"f","0.818181818",1,0.666666667,0.535714286,NA,81,81,88,79,7.624657534
"92","S103","Sport","Y2",7.295890411,"f","0.5",1,1,0.785714286,NA,94,94,87,102,6.301369863
"93","S104","Sport","Y2",7.860273973,"m","0.5",1,0.666666667,0.535714286,NA,89,81,69,98,6.843835616
"94","S105","Sport","Y2",6.994520548,"f","0.5",1,1,0.607142857,NA,100,108,100,113,5.961643836
"95","S107","Sport","Y2",6.682191781,"f","0.636363636",1,1,0.678571429,NA,94,93,91,97,5.731506849
"96","S108","Sport","Y2",8.252054795,"m","0.590909091",0.833333333,0.5,0.857142857,NA,105,107,101,110,7.282191781
"97","S109","Sport","Y2",7.079452055,"m","0.636363636",1,1,0.642857143,NA,97,92,83,102,6.082191781
"98","S110","Sport","Y2",8.024657534,"f","0.454545455",0.5,0.5,0.5,NA,98,91,89,95,7.02739726
"99","S111","Sport","Y2",7.065753425,"m","0.772727273",1,0.833333333,0.642857143,NA,91,92,85,102,6.038356164
"100","S114","Sport","Y2",7.953424658,"f","0.590909091",1,0.833333333,0.571428571,NA,94,95,95,97,6.975342466
"101","S117","Sport","Y2",7.421917808,"f","0.409090909",0.666666667,0.5,0.821428571,NA,111,105,101,109,6.575342466
"102","C101","Control","Y2",8.657534247,"f","0.772727273",0.833333333,0.5,0.678571429,NA,86,87,91,86,7.512328767
"103","C102","Control","Y2",7.726027397,"f","0.454545455",0.666666667,0.666666667,0.464285714,NA,87,86,83,94,6.6
"104","C107","Control","Y2",8.197260274,"f","0.636363636",1,1,0.642857143,NA,124,129,123,126,7.243835616
"105","C108","Control","Y2",7.375342466,"f","0.5",0.5,0.5,0.607142857,NA,102,100,96,104,6.38630137
"106","C109","Control","Y2",8.323287671,"m","0.636363636",0.833333333,0.833333333,0.535714286,NA,109,95,98,94,7.317808219
"107","C111","Control","Y2",7.55890411,"f","0.590909091",0.166666667,0,0.5,NA,84,82,87,80,6.619178082
"108","C112","Control","Y2",8.021917808,"m","0.772727273",0.833333333,0.833333333,0.642857143,NA,82,84,90,83,7.082191781
"109","C113","Control","Y2",7.923287671,"f","0.181818182",0.666666667,0.666666667,0.5,NA,80,91,93,91,7.049315068
"110","C114","Control","Y2",7.235616438,"m","0.545454545",0.166666667,0,0.464285714,NA,94,97,90,104,6.290410959
"111","C116","Control","Y2",8.202739726,"m","0.545454545",1,0.833333333,0.535714286,NA,89,95,112,80,7.282191781
"112","C104","Control","Y2",8.57260274,"f","0.5",1,0.833333333,0.642857143,NA,83,78,85,76,7.542465753
"113","M105","Music","Y2",7.024657534,"m","0.272727273",0.5,0.5,0.428571429,NA,77,81,80,86,6.219178082
"114","S112","Sport","Y2",NA,"","0.590909091",1,0.833333333,0.535714286,NA,87,89,91,90,6.389041096
"115","C115","Control","Y2",7.991780822,"m","0.318181818",0.833333333,0.666666667,0.607142857,NA,109,106,105,105,7.115068493
"116","M101","Music","Y2",NA,"","0.409090909",0.5,0.5,NA,NA,102,100,94,105,6.452054795
"117","M104","Music","Y2",NA,"",NA,NA,NA,NA,NA,NA,NA,NA,NA,6.032876712
"118","M110","Music","Y2",NA,"",NA,NA,NA,NA,NA,NA,NA,NA,NA,6.665753425
"119","M111","Music","Y2",NA,"",NA,NA,NA,NA,NA,NA,NA,NA,NA,6.665753425
"120","S106","Sport","Y2",NA,"",NA,NA,NA,NA,NA,NA,NA,NA,NA,7.126027397
"121","C106","Control","Y2",NA,"",NA,NA,NA,NA,NA,NA,NA,NA,NA,6.430136986
"122","M02","Music","Y2",7.77260274,"m","0.55",1,1,0.678571429,NA,109,105,102,105,6.416438356
"123","M04","Music","Y2",8.515068493,"f","0.41",1,1,0.607142857,NA,102,98,96,100,7.183561644
"124","M05","Music","Y2",7.232876712,"f","0.59",1,0.666666667,0.642857143,NA,122,114,120,105,5.967123288
"125","M06","Music","Y2",7.520547945,"f","0.73",0.333333333,0.333333333,0.642857143,NA,90,97,98,96,6.169863014
"126","M07","Music","Y2",7.419178082,"m","0.55",0.833333333,0.833333333,0.714285714,NA,99,96,106,84,6.134246575
"127","M09","Music","Y2",8.232876712,"m","0.73",0.833333333,0.833333333,0.714285714,NA,135,122,132,110,6.824657534
"128","M10","Music","Y2",7.545205479,"m","0.55",0.833333333,0.833333333,0.642857143,NA,85,92,96,90,6.21369863
"129","M12","Music","Y2",8.112328767,"m","0.64",0.833333333,0.833333333,0.678571429,NA,102,106,105,106,6.865753425
"130","M17","Music","Y2",8.071232877,"f","0.45",1,0.833333333,0.714285714,NA,102,96,96,97,6.742465753
"131","S01","Sport","Y2",8.767123288,"f","0.32",0.5,0.333333333,0.857142857,NA,87,94,89,101,7.663013699
"132","S04","Sport","Y2",9.046575342,"m","0.36",0,0,0.821428571,NA,109,101,93,109,8.008219178
"133","S07","Sport","Y2",8.320547945,"f","0.68",1,0.833333333,0.714285714,NA,90,82,87,81,7.230136986
"134","S08","Sport","Y2",7.947945205,"f","0.64",1,0.833333333,0.785714286,NA,108,107,106,106,6.879452055
"135","S17","Sport","Y2",8.460273973,"m","0.41",1,0.833333333,0.642857143,NA,105,105,95,113,7.564383562
"136","S28","Sport","Y2",7.463013699,"m","0.64",0.833333333,0.5,0.678571429,NA,108,105,111,98,6.635616438
"137","S31","Sport","Y2",6.608219178,"m","0.5",1,0.833333333,0.571428571,NA,133,128,119,130,5.819178082
"138","C02","Control","Y2",7.810958904,"m","0.59",1,0.5,0.571428571,NA,94,100,100,101,6.808219178
"139","C03","Control","Y2",7.657534247,"m","0.73",0.333333333,0.166666667,0.571428571,NA,94,93,109,79,6.676712329
"140","C04","Control","Y2",7.665753425,"m","0.45",0.833333333,0.833333333,0.392857143,NA,111,108,110,105,6.668493151
"141","C07","Control","Y2",7.460273973,"m","0.41",0.666666667,0.5,0.607142857,NA,101,94,85,104,6.449315068
"142","C08","Control","Y2",8.879452055,"f","0.36",1,0.833333333,0.535714286,NA,95,100,107,91,7.794520548
"143","C17","Control","Y2",7.709589041,"m","0.64",0.833333333,0.5,0.5,NA,94,96,98,95,6.876712329
"144","C19","Control","Y2",8.583561644,"f","0.32",0.833333333,0.666666667,0.714285714,NA,93,90,90,93,7.797260274
"145","M01","Music","Y2",7.334246575,"m","0.41",0.833333333,0.833333333,0.642857143,NA,94,105,105,104,5.978082192
"146","M03","Music","Y2",8.112328767,"m","0.64",1,1,0.785714286,NA,90,94,99,86,6.769863014
"147","M11","Music","Y2",8.046575342,"f","0.55",0.5,0.333333333,0.5,NA,91,88,99,80,6.720547945
"148","M15","Music","Y2",7.328767123,"m","0.83",0.833333333,0.666666667,0.571428571,NA,104,97,95,99,6.178082192
"149","S05","Sport","Y2",8.780821918,"m","0.64",1,1,0.714285714,NA,109,106,105,105,7.783561644
"150","S10","Sport","Y2",8.580821918,"m","0.41",0.333333333,0.333333333,0.5,NA,78,86,79,97,7.482191781
"151","S14","Sport","Y2",7.942465753,"m","0.41",0.666666667,0.666666667,0.571428571,NA,106,105,100,110,6.934246575
"152","S22","Sport","Y2",7.750684932,"f","0.55",1,1,0.464285714,NA,102,92,93,94,6.821917808
"153","C01","Control","Y2",8.42739726,"m","0.68",1,0.5,0.642857143,NA,107,104,104,103,7.389041096
"154","C05","Control","Y2",7.794520548,"m","0.64",0.5,0.5,0.392857143,NA,94,99,90,108,6.761643836
"155","C06","Control","Y2",9.04109589,"m","0.68",1,1,0.607142857,NA,74,77,72,86,7.98630137
"156","C11","Control","Y2",8.128767123,"m","0.32",0.333333333,0.333333333,0.571428571,NA,87,88,93,86,7.169863014
"157","C12","Control","Y2",8.389041096,"m","0.64",0.666666667,0.666666667,0.821428571,NA,79,78,79,80,7.336986301
"158","C18","Control","Y2",7.882191781,"m","0.41",0.666666667,0.5,0.642857143,NA,124,123,120,119,7.049315068
"159","M08","Music","Y2",8.183561644,"f","0.82",0.6,0.6,0.535714286,NA,105,113,113,110,6.852054795
"160","C10","Control","Y2",7.6,"f","0.64",0.5,0.166666667,0.714285714,NA,118,111,96,123,6.487671233
"161","C16","Control","Y2",7.356164384,"m","0.5",1,0.833333333,0.464285714,NA,94,98,98,98,6.501369863
"162","S15","Sport","Y2",NA,"",NA,NA,NA,NA,NA,NA,NA,NA,NA,7.263013699
"163","S21","Sport","Y2",6.873972603,"m",NA,NA,NA,NA,NA,NA,NA,NA,NA,5.978082192
"164","C09","Control","Y2",NA,"",NA,NA,NA,NA,NA,NA,NA,NA,NA,6.38630137
"165","S02","Sport","Y2",NA,"",NA,NA,NA,NA,NA,NA,NA,NA,NA,7.55890411
"166","S32","Sport","Y2",NA,"",NA,NA,NA,NA,NA,NA,NA,NA,NA,6.690410959
"167","M102","Music","Y3",8.443835616,"m","0.590909091",1,0.5,0.821428571,NA,81,93,77,111,6.44109589
"168","M106","Music","Y3",9.189041096,"f","0.590909091",0.833333333,0.833333333,0.714285714,NA,99,101,94,107,7.21369863
"169","M107","Music","Y3",9.221917808,"m","0.545454545",1,1,0.535714286,NA,80,76,79,79,7.334246575
"170","M108","Music","Y3",8.252054795,"f","0.409090909",1,1,0.428571429,NA,113,111,117,103,6.339726027
"171","M109","Music","Y3",8.147945205,"m","0.545454545",1,1,0.571428571,NA,109,110,109,110,6.189041096
"172","M112","Music","Y3",8.580821918,"f","0.454545455",0.8,0.8,0.464285714,NA,103,109,112,105,6.717808219
"173","M113","Music","Y3",8.838356164,"m","0.5",0.666666667,0.666666667,0.357142857,NA,82,85,87,87,7.002739726
"174","S101","Sport","Y3",9.663013699,"f","0.5",0.833333333,0.5,0.642857143,NA,84,82,95,73,7.624657534
"175","S103","Sport","Y3",8.304109589,"f","0.636363636",1,1,0.785714286,NA,98,97,83,111,6.301369863
"176","S104","Sport","Y3",8.849315068,"m","0.545454545",0.833333333,0.333333333,0.642857143,NA,84,85,75,99,6.843835616
"177","S105","Sport","Y3",7.978082192,"f","0.363636364",1,0.666666667,0.642857143,NA,97,103,96,109,5.961643836
"178","S107","Sport","Y3",7.767123288,"f","0.727272727",1,1,0.535714286,NA,94,93,88,99,5.731506849
"179","S108","Sport","Y3",9.378082192,"m","0.590909091",1,0.833333333,0.642857143,NA,84,91,80,104,7.282191781
"180","S109","Sport","Y3",8.073972603,"m","0.409090909",0.666666667,0.5,0.642857143,NA,94,94,83,106,6.082191781
"181","S110","Sport","Y3",9.021917808,"f","0.454545455",1,0.666666667,0.821428571,NA,85,80,80,85,7.02739726
"182","S111","Sport","Y3",8.024657534,"m","0.636363636",1,1,0.535714286,NA,89,91,78,106,6.038356164
"183","S114","Sport","Y3",8.969863014,"f","0.636363636",0.833333333,0.666666667,0.642857143,NA,89,88,92,88,6.975342466
"184","S117","Sport","Y3",8.531506849,"f","0.818181818",1,0.666666667,0.714285714,NA,93,92,84,102,6.575342466
"185","C101","Control","Y3",9.578082192,"f","0.409090909",1,1,0.821428571,NA,86,82,86,82,7.512328767
"186","C102","Control","Y3",8.731506849,"f","0.409090909",1,0.5,0.75,NA,96,89,90,92,6.6
"187","C107","Control","Y3",9.194520548,"f","0.727272727",1,1,0.785714286,NA,110,108,107,107,7.243835616
"188","C108","Control","Y3",8.410958904,"f","0.363636364",0.666666667,0.666666667,0.678571429,NA,108,103,108,97,6.38630137
"189","C109","Control","Y3",9.465753425,"m","0.727272727",0.833333333,0.833333333,0.714285714,NA,84,85,66,108,7.317808219
"190","C111","Control","Y3",8.556164384,"f","0.363636364",0.2,0.2,0.535714286,NA,84,84,89,84,6.619178082
"191","C112","Control","Y3",9.153424658,"m","0.681818182",0.833333333,0.666666667,0.571428571,NA,79,82,79,89,7.082191781
"192","C113","Control","Y3",8.980821918,"f","0.318181818",0.666666667,0.5,0.571428571,NA,102,109,118,99,7.049315068
"193","C114","Control","Y3",8.353424658,"m","0.5",0.166666667,0.166666667,0.607142857,NA,100,97,100,94,6.290410959
"194","C116","Control","Y3",9.238356164,"m","0.5",0.833333333,0.666666667,0.607142857,NA,102,102,110,94,7.282191781
"195","C104","Control","Y3",NA,"",NA,NA,NA,NA,NA,NA,NA,NA,NA,7.542465753
"196","M105","Music","Y3",8.079452055,"m","0.363636364",0.833333333,0.666666667,0.607142857,NA,86,85,75,99,6.219178082
"197","S112","Sport","Y3",NA,"","0.590909091",1,0.5,0.607142857,NA,110,103,97,108,6.389041096
"198","C115","Control","Y3",NA,"",NA,NA,NA,NA,NA,NA,NA,NA,NA,7.115068493
"199","M101","Music","Y3",NA,"",NA,NA,NA,NA,NA,NA,NA,NA,NA,6.452054795
"200","M104","Music","Y3",NA,"",NA,NA,NA,NA,NA,NA,NA,NA,NA,6.032876712
"201","M110","Music","Y3",NA,"",NA,NA,NA,NA,NA,NA,NA,NA,NA,6.665753425
"202","M111","Music","Y3",NA,"",NA,NA,NA,NA,NA,NA,NA,NA,NA,6.665753425
"203","S106","Sport","Y3",NA,"",NA,NA,NA,NA,NA,NA,NA,NA,NA,7.126027397
"204","C106","Control","Y3",NA,"",NA,NA,NA,NA,NA,NA,NA,NA,NA,6.430136986
"205","M02","Music","Y3",8.8,"m","0.454545455",0.666666667,0.5,0.75,NA,94,98,95,101,6.416438356
"206","M04","Music","Y3",9.465753425,"f","0.636363636",1,0.833333333,0.571428571,NA,103,102,102,102,7.183561644
"207","M05","Music","Y3",8.219178082,"f","0.590909091",1,1,0.678571429,NA,125,121,127,111,5.967123288
"208","M06","Music","Y3",8.498630137,"f","0.363636364",0,0,0.714285714,NA,105,105,110,100,6.169863014
"209","M07","Music","Y3",8.405479452,"m","0.272727273",1,0.833333333,0.75,NA,111,107,115,99,6.134246575
"210","M09","Music","Y3",9.167123288,"m","0.772727273",0.833333333,0.833333333,0.678571429,NA,131,131,137,119,6.824657534
"211","M10","Music","Y3",8.542465753,"m","0.545454545",1,1,0.75,NA,108,112,124,99,6.21369863
"212","M12","Music","Y3",9.071232877,"m","0.636363636",0.833333333,0.833333333,0.571428571,NA,91,88,86,94,6.865753425
"213","M17","Music","Y3",8.997260274,"f","0.590909091",0.5,0.333333333,0.75,NA,104,102,98,105,6.742465753
"214","S01","Sport","Y3",9.698630137,"f","0.363636364",0.166666667,0,0.821428571,NA,106,103,100,105,7.663013699
"215","S04","Sport","Y3",10.07123288,"m","0.409090909",0.166666667,0.166666667,0.928571429,NA,116,105,103,106,8.008219178
"216","S07","Sport","Y3",9.293150685,"f","0.681818182",0.5,0.5,0.607142857,NA,78,77,77,82,7.230136986
"217","S08","Sport","Y3",8.882191781,"f","0.681818182",0.666666667,0.666666667,0.714285714,NA,102,107,98,114,6.879452055
"218","S17","Sport","Y3",9.523287671,"m","0.409090909",0.666666667,0.5,0.714285714,NA,99,99,83,114,7.564383562
"219","S28","Sport","Y3",8.6,"m","0.727272727",1,0.833333333,0.821428571,NA,103,108,104,110,6.635616438
"220","S31","Sport","Y3",7.723287671,"m","0.454545455",0.5,0.333333333,0.75,NA,118,120,105,129,5.819178082
"221","C02","Control","Y3",8.706849315,"m","0.636363636",1,0.5,0.571428571,NA,84,102,98,105,6.808219178
"222","C03","Control","Y3",8.578082192,"m","0.409090909",0,0,0.392857143,NA,94,102,112,93,6.676712329
"223","C04","Control","Y3",8.594520548,"m","0.636363636",1,0.833333333,0.607142857,NA,112,116,116,113,6.668493151
"224","C07","Control","Y3",8.57260274,"m","0.636363636",0.833333333,0.5,0.571428571,NA,102,97,92,103,6.449315068
"225","C08","Control","Y3",9.860273973,"f","0.545454545",1,0.833333333,0.464285714,NA,93,92,105,81,7.794520548
"226","C17","Control","Y3",8.873972603,"m","0.727272727",1,0.833333333,0.571428571,NA,106,101,99,103,6.876712329
"227","C19","Control","Y3",9.734246575,"f","0.454545455",1,0.666666667,0.535714286,NA,84,87,88,90,7.797260274
"228","M01","Music","Y3",8.539726027,"m","0.636363636",1,0.666666667,0.642857143,NA,131,132,130,127,5.978082192
"229","M03","Music","Y3",9.079452055,"m","0.545454545",0.666666667,0.666666667,0.607142857,NA,95,98,102,94,6.769863014
"230","M11","Music","Y3",9.024657534,"f","0.454545455",1,0.5,0.321428571,NA,81,83,87,84,6.720547945
"231","M15","Music","Y3",8.364383562,"m","0.863636364",1,0.833333333,0.642857143,NA,96,102,110,94,6.178082192
"232","S05","Sport","Y3",9.701369863,"m","0.545454545",1,0.666666667,0.678571429,NA,108,108,101,112,7.783561644
"233","S10","Sport","Y3",9.501369863,"m","0.5",0.666666667,0.5,0.607142857,NA,104,100,98,101,7.482191781
"234","S14","Sport","Y3",9.167123288,"m","0.318181818",0,0,0.607142857,NA,103,107,99,113,6.934246575
"235","S22","Sport","Y3",8.756164384,"f","0.636363636",0,0,0.5,NA,99,100,107,93,6.821917808
"236","C01","Control","Y3",9.520547945,"m","0.636363636",1,0.5,0.642857143,NA,95,97,98,96,7.389041096
"237","C05","Control","Y3",8.794520548,"m","0.727272727",0.8,0.333333333,0.678571429,NA,125,113,100,123,6.761643836
"238","C06","Control","Y3",10,"m","0.590909091",1,0.666666667,0.821428571,NA,85,86,83,93,7.98630137
"239","C11","Control","Y3",9.21369863,"m","0.363636364",0.333333333,0.166666667,0.428571429,NA,89,91,97,88,7.169863014
"240","C12","Control","Y3",9.38630137,"m","0.590909091",0.666666667,0.5,0.607142857,NA,84,89,87,94,7.336986301
"241","C18","Control","Y3",9.057534247,"m","0.272727273",0.666666667,0.5,0.5,NA,130,132,121,134,7.049315068
"242","M08","Music","Y3",NA,"",NA,NA,NA,NA,NA,NA,NA,NA,NA,6.852054795
"243","C10","Control","Y3",NA,"",NA,NA,NA,NA,NA,NA,NA,NA,NA,6.487671233
"244","C16","Control","Y3",NA,"",NA,NA,NA,NA,NA,NA,NA,NA,NA,6.501369863
"245","S15","Sport","Y3",NA,"",NA,NA,NA,NA,NA,NA,NA,NA,NA,7.263013699
"246","S21","Sport","Y3",NA,"",NA,NA,NA,NA,NA,NA,NA,NA,NA,5.978082192
"247","C09","Control","Y3",NA,"",NA,NA,NA,NA,NA,NA,NA,NA,NA,6.38630137
"248","S02","Sport","Y3",NA,"",NA,NA,NA,NA,NA,NA,NA,NA,NA,7.55890411
"249","S32","Sport","Y3",NA,"",NA,NA,NA,NA,NA,NA,NA,NA,NA,6.690410959
"250","M102","Music","Y4",9.482191781,"m","0.5",0.166666667,0.166666667,0.785714286,2,88,93,83,104,6.44109589
"251","M106","Music","Y4",10.15616438,"f","0.454545455",1,0.5,0.607142857,2,96,93,102,85,7.21369863
"252","M107","Music","Y4",10.23835616,"m","0.454545455",1,1,0.357142857,4,84,74,83,70,7.334246575
"253","M108","Music","Y4",9.224657534,"f","0.409090909",1,0.8,0.607142857,2,102,112,98,122,6.339726027
"254","M109","Music","Y4",9.139726027,"m","0.590909091",1,0.666666667,0.642857143,4,94,101,97,105,6.189041096
"255","M112","Music","Y4",9.578082192,"f","0.772727273",1,0.25,0.607142857,4,110,108,105,108,6.717808219
"256","M113","Music","Y4",9.78630137,"m","0.727272727",1,1,0.535714286,3,85,87,93,84,7.002739726
"257","S101","Sport","Y4",10.75616438,"f","0.727272727",1,1,0.678571429,3,100,97,99,96,7.624657534
"258","S103","Sport","Y4",9.364383562,"f","0.545454545",1,1,0.821428571,3,95,92,87,99,6.301369863
"259","S104","Sport","Y4",10.11780822,"m","0.545454545",1,0.8,0.607142857,4,89,84,74,97,6.843835616
"260","S105","Sport","Y4",9.098630137,"f","0.454545455",0.4,0.2,0.607142857,2,106,108,105,108,5.961643836
"261","S107","Sport","Y4",8.794520548,"f","0.727272727",1,0.833333333,0.892857143,3,94,92,89,98,5.731506849
"262","S108","Sport","Y4",10.46575342,"m","0.681818182",0.666666667,0.333333333,0.857142857,4,109,103,97,108,7.282191781
"263","S109","Sport","Y4",9.178082192,"m","0.545454545",0.833333333,0.833333333,0.75,2,102,96,100,92,6.082191781
"264","S110","Sport","Y4",10.10410959,"f","0.636363636",1,1,0.714285714,4,84,83,81,90,7.02739726
"265","S111","Sport","Y4",9.109589041,"m","0.681818182",1,0.833333333,0.607142857,4,90,89,90,90,6.038356164
"266","S114","Sport","Y4",9.980821918,"f","0.727272727",0.833333333,0.666666667,0.714285714,2,89,89,87,95,6.975342466
"267","S117","Sport","Y4",9.583561644,"f","0.772727273",0.666666667,0.666666667,0.821428571,1,95,95,87,103,6.575342466
"268","C101","Control","Y4",10.66849315,"f","0.727272727",0.833333333,0.666666667,0.857142857,2,75,81,84,83,7.512328767
"269","C102","Control","Y4",9.720547945,"f","0.454545455",1,0.833333333,0.785714286,3,90,92,100,86,6.6
"270","C107","Control","Y4",10.24931507,"f","0.909090909",1,1,0.75,3,122,120,117,118,7.243835616
"271","C108","Control","Y4",9.421917808,"f","0.636363636",0.833333333,0.666666667,0.714285714,4,100,96,92,101,6.38630137
"272","C109","Control","Y4",10.31232877,"m","0.727272727",0.5,0.5,0.5,1,94,103,83,120,7.317808219
"273","C111","Control","Y4",9.536986301,"f","0.545454545",0.5,0.5,0.464285714,3,82,81,99,79,6.619178082
"274","C112","Control","Y4",10.0739726,"m","0.5",1,1,0.75,2,85,87,87,90,7.082191781
"275","C113","Control","Y4",9.934246575,"f","0.5",0.666666667,0.666666667,0.607142857,2,96,106,107,103,7.049315068
"276","C114","Control","Y4",9.331506849,"m","0.318181818",NA,NA,0.714285714,2,90,89,92,90,6.290410959
"277","C116","Control","Y4",10.22191781,"m","0.636363636",1,0.5,0.535714286,3,101,101,112,90,7.282191781
"278","C104","Control","Y4",NA,"",NA,NA,NA,NA,NA,NA,NA,NA,NA,7.542465753
"279","M105","Music","Y4",NA,"",NA,NA,NA,NA,NA,NA,NA,NA,NA,6.219178082
"280","S112","Sport","Y4",NA,"",NA,NA,NA,NA,NA,NA,NA,NA,NA,6.389041096
"281","C115","Control","Y4",NA,"",NA,NA,NA,NA,NA,NA,NA,NA,NA,7.115068493
"282","M101","Music","Y4",NA,"",NA,NA,NA,NA,NA,NA,NA,NA,NA,6.452054795
"283","M104","Music","Y4",NA,"",NA,NA,NA,NA,NA,NA,NA,NA,NA,6.032876712
"284","M110","Music","Y4",NA,"",NA,NA,NA,NA,NA,NA,NA,NA,NA,6.665753425
"285","M111","Music","Y4",NA,"",NA,NA,NA,NA,NA,NA,NA,NA,NA,6.665753425
"286","S106","Sport","Y4",NA,"",NA,NA,NA,NA,NA,NA,NA,NA,NA,7.126027397
"287","C106","Control","Y4",NA,"",NA,NA,NA,NA,NA,NA,NA,NA,NA,6.430136986
"288","M02","Music","Y4",9.901369863,"m","0.272727273",0.833333333,0.5,0.678571429,4,97,97,102,93,6.416438356
"289","M04","Music","Y4",10.47945205,"f","0.5",1,0.833333333,0.785714286,3,90,93,92,97,7.183561644
"290","M05","Music","Y4",9.243835616,"f","0.363636364",1,0.833333333,0.714285714,1,109,115,120,107,5.967123288
"291","M06","Music","Y4",9.561643836,"f","0.590909091",0.5,0.5,0.642857143,4,75,89,95,87,6.169863014
"292","M07","Music","Y4",9.430136986,"m","0.681818182",1,1,0.714285714,2,109,110,115,103,6.134246575
"293","M09","Music","Y4",10.10136986,"m","0.681818182",0.833333333,0.833333333,0.571428571,2,123,122,126,113,6.824657534
"294","M10","Music","Y4",9.682191781,"m","0.5",0.833333333,0.833333333,0.785714286,2,104,106,122,90,6.21369863
"295","M12","Music","Y4",10.08493151,"m","0.772727273",0.833333333,0.666666667,0.678571429,NA,96,94,91,99,6.865753425
"296","M17","Music","Y4",10.02739726,"f","0.454545455",0.833333333,0.666666667,0.75,2,100,92,89,98,6.742465753
"297","S01","Sport","Y4",10.75068493,"f","0.545454545",0.166666667,0.166666667,0.75,3,101,92,92,95,7.663013699
"298","S04","Sport","Y4",11.09041096,"m","0.590909091",1,0.5,0.857142857,1,108,104,95,111,8.008219178
"299","S07","Sport","Y4",10.29589041,"f","0.636363636",0.833333333,0.833333333,0.535714286,3,89,89,86,95,7.230136986
"300","S08","Sport","Y4",10.01369863,"f","0.409090909",1,1,0.821428571,2,113,107,105,107,6.879452055
"301","S17","Sport","Y4",10.52876712,"m","0.545454545",0.833333333,1,0.785714286,0,106,100,94,105,7.564383562
"302","S28","Sport","Y4",9.578082192,"m","0.5",0.666666667,0.333333333,0.714285714,3,89,96,99,95,6.635616438
"303","S31","Sport","Y4",8.665753425,"m","0.545454545",1,1,0.75,2,117,121,103,132,5.819178082
"304","C02","Control","Y4",9.802739726,"m","0.681818182",0.833333333,0.833333333,0.607142857,2,101,105,107,102,6.808219178
"305","C03","Control","Y4",9.632876712,"m","0.454545455",0,0,0.535714286,1,84,89,97,84,6.676712329
"306","C04","Control","Y4",9.764383562,"m","0.545454545",0.666666667,0.666666667,0.785714286,1,91,101,94,107,6.668493151
"307","C07","Control","Y4",9.523287671,"m","0.772727273",0.5,0.5,0.571428571,2,99,100,85,114,6.449315068
"308","C08","Control","Y4",10.90684932,"f","0.681818182",1,0.833333333,0.642857143,2,92,100,113,88,7.794520548
"309","C17","Control","Y4",9.852054795,"m","0.636363636",0.666666667,0.333333333,0.714285714,2,97,100,106,93,6.876712329
"310","C19","Control","Y4",10.69589041,"f","0.454545455",0.666666667,0.666666667,0.678571429,2,94,92,95,91,7.797260274
"311","M01","Music","Y4",9.473972603,"m","0.636363636",1,0.5,0.928571429,4,119,122,126,113,5.978082192
"312","M03","Music","Y4",10.11506849,"m","0.772727273",0.833333333,0.666666667,0.75,3,94,92,96,90,6.769863014
"313","M11","Music","Y4",10.09315068,"f","0.454545455",1,0.666666667,0.5,0,76,78,90,70,6.720547945
"314","M15","Music","Y4",9.435616438,"m","0.590909091",0.833333333,0.833333333,0.642857143,4,101,105,116,93,6.178082192
"315","S05","Sport","Y4",10.78082192,"m","0.727272727",0.5,0.5,0.857142857,3,112,108,104,111,7.783561644
"316","S10","Sport","Y4",NA,"","0",NA,NA,NA,NA,NA,NA,NA,NA,7.482191781
"317","S14","Sport","Y4",10.14794521,"m","0.454545455",0.833333333,0.666666667,0.714285714,2,96,100,91,108,6.934246575
"318","S22","Sport","Y4",9.843835616,"f","0.727272727",1,1,0.75,3,109,109,108,109,6.821917808
"319","C01","Control","Y4",10.51780822,"m","0.636363636",1,0.5,0.75,4,91,96,96,96,7.389041096
"320","C05","Control","Y4",9.843835616,"m","0.590909091",0.666666667,0.5,0.571428571,3,115,107,98,113,6.761643836
"321","C06","Control","Y4",11.11780822,"m","0.363636364",1,1,0.785714286,2,84,81,78,89,7.98630137
"322","C11","Control","Y4",NA,"",NA,0.333333333,0.333333333,0.785714286,NA,NA,NA,NA,NA,7.169863014
"323","C12","Control","Y4",10.46027397,"m","0.681818182",0.666666667,0.333333333,0.714285714,2,89,88,82,97,7.336986301
"324","C18","Control","Y4",10.09863014,"m","0.681818182",0.666666667,0.5,0.642857143,4,133,124,104,136,7.049315068
"325","M08","Music","Y4",NA,"",NA,NA,NA,NA,NA,NA,NA,NA,NA,6.852054795
"326","C10","Control","Y4",NA,"",NA,NA,NA,NA,NA,NA,NA,NA,NA,6.487671233
"327","C16","Control","Y4",NA,"",NA,NA,NA,NA,NA,NA,NA,NA,NA,6.501369863
"328","S15","Sport","Y4",NA,"",NA,NA,NA,NA,NA,NA,NA,NA,NA,7.263013699
"329","S21","Sport","Y4",NA,"",NA,NA,NA,NA,NA,NA,NA,NA,NA,5.978082192
"330","C09","Control","Y4",NA,"",NA,NA,NA,NA,NA,NA,NA,NA,NA,6.38630137
"331","S02","Sport","Y4",NA,"",NA,NA,NA,NA,NA,NA,NA,NA,NA,7.55890411
"332","S32","Sport","Y4",NA,"",NA,NA,NA,NA,NA,NA,NA,NA,NA,6.690410959
"333","M102","Music","Y5",10.57260274,"m",".681818182",1,0.833333333,0.785714286,2,108,104,92,114,6.44109589
"334","M106","Music","Y5",NA,"","NA",NA,NA,NA,NA,NA,NA,NA,NA,7.21369863
"335","M107","Music","Y5",11.30958904,"m",".363636364",1,0.833333333,0.571428571,2,74,73,82,68,7.334246575
"336","M108","Music","Y5",10.24109589,"f",".500000000",0.666666667,0.5,0.607142857,3,116,117,105,123,6.339726027
"337","M109","Music","Y5",10.16164384,"m",".590909091",0.833333333,0.5,0.678571429,3,110,109,101,115,6.189041096
"338","M112","Music","Y5",NA,"","NA",NA,NA,NA,NA,NA,NA,NA,NA,6.717808219
"339","M113","Music","Y5",11.04657534,"m",".727272727",0.5,0.333333333,0.785714286,2,85,88,84,95,7.002739726
"340","S101","Sport","Y5",11.67671233,"f",".727272727",NA,NA,NA,1,95,84,92,79,7.624657534
"341","S103","Sport","Y5",10.36164384,"f",".772727273",1,0.666666667,0.821428571,4,105,101,97,104,6.301369863
"342","S104","Sport","Y5",10.96712329,"m",".363636364",1,1,0.75,4,84,83,80,90,6.843835616
"343","S105","Sport","Y5",10.11506849,"f",".636363636",0.833333333,0.833333333,0.785714286,4,106,110,100,117,5.961643836
"344","S107","Sport","Y5",9.884931507,"f",".681818182",1,1,0.678571429,4,103,101,100,102,5.731506849
"345","S108","Sport","Y5",11.46027397,"m",".681818182",0.666666667,0.333333333,0.75,4,104,99,96,102,7.282191781
"346","S109","Sport","Y5",10.2109589,"m",".727272727",1,0.833333333,0.785714286,4,101,101,96,106,6.082191781
"347","S110","Sport","Y5",11.20273973,"f",".636363636",0.666666667,0.5,0.785714286,2,88,84,86,86,7.02739726
"348","S111","Sport","Y5",10.08219178,"m",".590909091",1,0.833333333,0.75,3,101,91,87,97,6.038356164
"349","S114","Sport","Y5",11.01369863,"f",".863636364",0.833333333,0.666666667,NA,2,91,108,92,115,6.975342466
"350","S117","Sport","Y5",10.56986301,"f",".772727273",0.666666667,0.666666667,0.821428571,2,102,101,98,103,6.575342466
"351","C101","Control","Y5",11.66849315,"f",".500000000",1,0.666666667,0.75,3,92,94,99,90,7.512328767
"352","C102","Control","Y5",10.77534247,"f",".454545454",1,1,0.75,3,75,79,82,80,6.6
"353","C107","Control","Y5",11.16986301,"f",".863636364",1,0.833333333,0.821428571,1,118,120,125,110,7.243835616
"354","C108","Control","Y5",NA,"",".00000000",NA,NA,NA,NA,NA,NA,NA,NA,6.38630137
"355","C109","Control","Y5",11.36438356,"m",".545454546",0.666666667,0.666666667,0.571428571,3,103,96,92,101,7.317808219
"356","C111","Control","Y5",10.5369863,"f",".636363636",1,0.666666667,0.535714286,2,84,82,92,76,6.619178082
"357","C112","Control","Y5",11.05205479,"m",".363636364",1,0.833333333,0.75,1,85,96,96,97,7.082191781
"358","C113","Control","Y5",10.92328767,"f",".590909091",0.5,0.5,0.642857143,1,89,93,111,77,7.049315068
"359","C114","Control","Y5",10.21369863,"m",".363636364",0,0,0.642857143,4,89,89,96,85,6.290410959
"360","C116","Control","Y5",11.15616438,"m",".681818182",0.833333333,0.666666667,0.642857143,2,109,106,120,92,7.282191781
"361","C104","Control","Y5",NA,"","NA",NA,NA,NA,NA,NA,NA,NA,NA,7.542465753
"362","M105","Music","Y5",NA,"","NA",NA,NA,NA,NA,NA,NA,NA,NA,6.219178082
"363","S112","Sport","Y5",NA,"","NA",NA,NA,NA,NA,NA,NA,NA,NA,6.389041096
"364","C115","Control","Y5",NA,"","NA",NA,NA,NA,NA,NA,NA,NA,NA,7.115068493
"365","M101","Music","Y5",NA,"","NA",NA,NA,NA,NA,NA,NA,NA,NA,6.452054795
"366","M104","Music","Y5",NA,"","NA",NA,NA,NA,NA,NA,NA,NA,NA,6.032876712
"367","M110","Music","Y5",NA,"","NA",NA,NA,NA,NA,NA,NA,NA,NA,6.665753425
"368","M111","Music","Y5",NA,"","NA",NA,NA,NA,NA,NA,NA,NA,NA,6.665753425
"369","S106","Sport","Y5",NA,"","NA",NA,NA,NA,NA,NA,NA,NA,NA,7.126027397
"370","C106","Control","Y5",NA,"","NA",NA,NA,NA,NA,NA,NA,NA,NA,6.430136986
"371","M02","Music","Y5",10.96986301,"m","0.4545455",1,1,0.75,2,102,101,103,99,6.416438356
"372","M04","Music","Y5",11.57260274,"f","0.5909091",1,1,0.785714286,3,97,95,88,103,7.183561644
"373","M05","Music","Y5",10.26027397,"f","0.5000000",0.666666667,1,0.714285714,4,120,122,126,113,5.967123288
"374","M06","Music","Y5",10.53972603,"f","0.4545455",0.5,0.5,0.714285714,4,99,105,116,94,6.169863014
"375","M07","Music","Y5",10.40821918,"m","0.5909091",0.833333333,0.833333333,0.821428571,2,111,112,113,109,6.134246575
"376","M09","Music","Y5",11.09863014,"m","0.6818182",0.833333333,0.833333333,0.571428571,3,128,127,135,114,6.824657534
"377","M10","Music","Y5",10.58356164,"m","0.3181818",0.666666667,0.5,0.642857143,4,99,102,115,90,6.21369863
"378","M12","Music","Y5",11.08219178,"m","0.7272727",1,0.833333333,0.714285714,4,95,102,100,103,6.865753425
"379","M17","Music","Y5",10.96438356,"f","0.5909091",0.833333333,0.833333333,0.75,3,110,101,100,102,6.742465753
"380","S01","Sport","Y5",11.76986301,"f","0.5909091",0.5,0.5,0.714285714,3,98,100,97,102,7.663013699
"381","S04","Sport","Y5",12.09863014,"m","0.3636364",0,0,0.928571429,4,102,99,93,105,8.008219178
"382","S07","Sport","Y5",11.30684932,"f","0.8181818",1,1,0.714285714,2,89,86,83,92,7.230136986
"383","S08","Sport","Y5",10.93424658,"f","0.7727273",0.666666667,0.666666667,0.857142857,3,108,116,112,115,6.879452055
"384","S17","Sport","Y5",11.50684932,"m","0.5909091",0.333333333,0.333333333,0.642857143,2,106,99,95,102,7.564383562
"385","S28","Sport","Y5",10.56986301,"m","0.6363636",0.833333333,0.666666667,0.75,2,96,99,104,95,6.635616438
"386","S31","Sport","Y5",9.693150685,"m","0.5909091",0.666666667,0.666666667,0.75,2,105,114,109,117,5.819178082
"387","C02","Control","Y5",10.75890411,"m","0.6818182",0.666666667,0.666666667,0.607142857,2,100,108,114,102,6.808219178
"388","C03","Control","Y5",10.70684932,"m","0.3636364",0,0,0.714285714,4,89,96,108,85,6.676712329
"389","C04","Control","Y5",10.74246575,"m","0.5909091",1,1,0.821428571,2,106,109,109,108,6.668493151
"390","C07","Control","Y5",10.64109589,"m","0.6818182",1,0.833333333,0.714285714,2,97,97,92,102,6.449315068
"391","C08","Control","Y5",11.96712329,"f","0.7272727",1,1,0.785714286,1,92,99,112,86,7.794520548
"392","C17","Control","Y5",10.85753425,"m","0.6818182",0.833333333,0.833333333,0.571428571,2,102,102,104,99,6.876712329
"393","C19","Control","Y5",11.76986301,"f","0.5000000",0.833333333,0.833333333,0.464285714,2,87,93,106,81,7.797260274
"394","M01","Music","Y5",10.50958904,"m","0.7272727",1,1,0.785714286,3,117,125,130,116,5.978082192
"395","M03","Music","Y5",11.20547945,"m","0.8181818",1,1,0.714285714,4,95,94,99,90,6.769863014
"396","M11","Music","Y5",11.09863014,"f","0.5000000",1,1,0.571428571,4,88,86,96,80,6.720547945
"397","M15","Music","Y5",10.37534247,"m","0.6363636",0.833333333,0.833333333,0.607142857,2,103,102,108,96,6.178082192
"398","S05","Sport","Y5",11.74246575,"m","0.5909091",0.666666667,0.666666667,0.821428571,4,110,108,106,108,7.783561644
"399","S10","Sport","Y5",NA,"","0.0000000",NA,NA,NA,NA,NA,NA,NA,NA,7.482191781
"400","S14","Sport","Y5",11.1369863,"m","0.7272727",0.333333333,0.333333333,0.678571429,2,107,105,99,110,6.934246575
"401","S22","Sport","Y5",10.78356164,"f","0.6818182",1,1,0.821428571,3,108,104,110,97,6.821917808
"402","C01","Control","Y5",11.63287671,"m","0.5454545",1,0.833333333,0.821428571,2,99,101,101,100,7.389041096
"403","C05","Control","Y5",NA,"","NA",NA,NA,NA,NA,NA,NA,NA,NA,6.761643836
"404","C06","Control","Y5",12.03287671,"m","0.5000000",1,0.833333333,0.892857143,4,88,91,79,105,7.98630137
"405","C11","Control","Y5",NA,"","NA",NA,NA,NA,NA,NA,NA,NA,NA,7.169863014
"406","C12","Control","Y5",11.46027397,"m","0.5454545",0.333333333,0.333333333,0.75,3,75,80,70,95,7.336986301
"407","C18","Control","Y5",11.04657534,"m","0.6818182",0.833333333,0.666666667,0.571428571,3,122,130,119,133,7.049315068
"408","M08","Music","Y5",NA,"","NA",NA,NA,NA,NA,NA,NA,NA,NA,6.852054795
"409","C10","Control","Y5",NA,"","NA",NA,NA,NA,NA,NA,NA,NA,NA,6.487671233
"410","C16","Control","Y5",NA,"","NA",NA,NA,NA,NA,NA,NA,NA,NA,6.501369863
"411","S15","Sport","Y5",NA,"","NA",NA,NA,NA,NA,NA,NA,NA,NA,7.263013699
"412","S21","Sport","Y5",NA,"","NA",NA,NA,NA,NA,NA,NA,NA,NA,5.978082192
"413","C09","Control","Y5",NA,"","NA",NA,NA,NA,NA,NA,NA,NA,NA,6.38630137
"414","S02","Sport","Y5",NA,"","NA",NA,NA,NA,NA,NA,NA,NA,NA,7.55890411
"415","S32","Sport","Y5",NA,"","NA",NA,NA,NA,NA,NA,NA,NA,NA,6.690410959
"416","M102","Music","Y7",12.62191781,"m","0.5",NA,NA,0.857142857,2,87,89,87,95,6.44109589
"417","M106","Music","Y7",NA,"",NA,NA,NA,NA,NA,NA,NA,NA,NA,7.21369863
"418","M107","Music","Y7",NA,"",NA,NA,NA,NA,NA,NA,NA,NA,NA,7.334246575
"419","M108","Music","Y7",12.67671233,"f","0.590909091",NA,NA,0.678571429,4,89,96,98,95,6.339726027
"420","M109","Music","Y7",NA,"",NA,NA,NA,NA,NA,NA,NA,NA,NA,6.189041096
"421","M112","Music","Y7",NA,"",NA,NA,NA,NA,NA,NA,NA,NA,NA,6.717808219
"422","M113","Music","Y7",NA,"",NA,NA,NA,NA,NA,NA,NA,NA,NA,7.002739726
"423","S101","Sport","Y7",NA,"",NA,NA,NA,NA,NA,NA,NA,NA,NA,7.624657534
"424","S103","Sport","Y7",12.4109589,"f","0.863636364",NA,NA,0.821428571,3,101,93,101,86,6.301369863
"425","S104","Sport","Y7",NA,"",NA,NA,NA,NA,NA,NA,NA,NA,NA,6.843835616
"426","S105","Sport","Y7",12.27123288,"f","0.727272727",NA,NA,0.785714286,4,94,102,103,101,5.961643836
"427","S107","Sport","Y7",NA,"",NA,NA,NA,NA,NA,NA,NA,NA,NA,5.731506849
"428","S108","Sport","Y7",13.54794521,"m","0.545454545",NA,NA,0.75,4,99,93,96,93,7.282191781
"429","S109","Sport","Y7",NA,"",NA,NA,NA,NA,NA,NA,NA,NA,NA,6.082191781
"430","S110","Sport","Y7",13.25753425,"f","0.772727273",NA,NA,0.821428571,2,84,82,89,79,7.02739726
"431","S111","Sport","Y7",12.15890411,"m","0.454545455",NA,NA,0.785714286,3,92,90,88,95,6.038356164
"432","S114","Sport","Y7",NA,"",NA,NA,NA,NA,NA,NA,NA,NA,NA,6.975342466
"433","S117","Sport","Y7",12.73424658,"f","0.818181818",NA,NA,0.678571429,3,91,88,84,95,6.575342466
"434","C101","Control","Y7",13.90684932,"f","0.636363636",NA,NA,0.892857143,3,86,91,100,85,7.512328767
"435","C102","Control","Y7",12.91780822,"f","0.863636364",NA,NA,0.607142857,1,82,83,87,84,6.6
"436","C107","Control","Y7",13.16438356,"f","0.863636364",NA,NA,0.785714286,4,108,113,115,109,7.243835616
"437","C108","Control","Y7",12.49041096,"f","0.636363636",NA,NA,0.785714286,4,93,88,83,96,6.38630137
"438","C109","Control","Y7",NA,"",NA,NA,NA,NA,NA,NA,NA,NA,NA,7.317808219
"439","C111","Control","Y7",12.60547945,"f","0.727272727",NA,NA,0.714285714,3,89,90,103,80,6.619178082
"440","C112","Control","Y7",13.10410959,"m","0.727272727",NA,NA,0.642857143,2,93,95,100,91,7.082191781
"441","C113","Control","Y7",12.99178082,"f","0.772727273",NA,NA,0.714285714,3,91,96,115,79,7.049315068
"442","C114","Control","Y7",NA,"",NA,NA,NA,NA,NA,NA,NA,NA,NA,6.290410959
"443","C116","Control","Y7",NA,"",NA,NA,NA,NA,NA,NA,NA,NA,NA,7.282191781
"444","C104","Control","Y7",NA,"",NA,NA,NA,NA,NA,NA,NA,NA,NA,7.542465753
"445","M105","Music","Y7",NA,"",NA,NA,NA,NA,NA,NA,NA,NA,NA,6.219178082
"446","S112","Sport","Y7",NA,"",NA,NA,NA,NA,NA,NA,NA,NA,NA,6.389041096
"447","C115","Control","Y7",NA,"",NA,NA,NA,NA,NA,NA,NA,NA,NA,7.115068493
"448","M101","Music","Y7",NA,"",NA,NA,NA,NA,NA,NA,NA,NA,NA,6.452054795
"449","M104","Music","Y7",NA,"",NA,NA,NA,NA,NA,NA,NA,NA,NA,6.032876712
"450","M110","Music","Y7",NA,"",NA,NA,NA,NA,NA,NA,NA,NA,NA,6.665753425
"451","M111","Music","Y7",NA,"",NA,NA,NA,NA,NA,NA,NA,NA,NA,6.665753425
"452","S106","Sport","Y7",NA,"",NA,NA,NA,NA,NA,NA,NA,NA,NA,7.126027397
"453","C106","Control","Y7",NA,"",NA,NA,NA,NA,NA,NA,NA,NA,NA,6.430136986
"454","M02","Music","Y7",12.85479452,"m","0.363636364",NA,NA,0.892857143,3,100,96,103,90,6.416438356
"455","M04","Music","Y7",13.50958904,"f","0.545454545",NA,NA,0.714285714,2,99,102,97,105,7.183561644
"456","M05","Music","Y7",12.31232877,"f","0.545454545",NA,NA,0.821428571,4,113,122,122,116,5.967123288
"457","M06","Music","Y7",12.53424658,"f","0.772727273",NA,NA,0.714285714,4,103,106,117,95,6.169863014
"458","M07","Music","Y7",12.44109589,"m","0.590909091",NA,NA,0.785714286,3,105,107,111,102,6.134246575
"459","M09","Music","Y7",13.13150685,"m","0.636363636",NA,NA,0.75,NA,129,131,135,121,6.824657534
"460","M10","Music","Y7",12.57808219,"m","0.318181818",NA,NA,0.714285714,4,93,106,119,93,6.21369863
"461","M12","Music","Y7",13.15068493,"m","0.863636364",NA,NA,0.714285714,4,111,107,101,110,6.865753425
"462","M17","Music","Y7",12.96986301,"f","0.863636364",NA,NA,0.892857143,NA,104,95,98,94,6.742465753
"463","S01","Sport","Y7",13.83287671,"f","0.545454545",NA,NA,0.821428571,3,92,95,94,97,7.663013699
"464","S04","Sport","Y7",14.10684932,"m","0.545454545",NA,NA,0.892857143,3,122,108,120,96,8.008219178
"465","S07","Sport","Y7",13.38356164,"f","0.727272727",NA,NA,0.642857143,4,84,79,76,88,7.230136986
"466","S08","Sport","Y7",13.04383562,"f","0.681818182",NA,NA,0.785714286,3,105,108,112,104,6.879452055
"467","S17","Sport","Y7",13.64657534,"m","0.590909091",NA,NA,NA,NA,94,86,83,93,7.564383562
"468","S28","Sport","Y7",12.61917808,"m","0.727272727",NA,NA,0.785714286,4,88,93,96,91,6.635616438
"469","S31","Sport","Y7",11.90410959,"m","0.636363636",NA,NA,0.857142857,1,98,105,106,102,5.819178082
"470","C02","Control","Y7",12.73972603,"m","0.727272727",NA,NA,0.714285714,4,91,99,103,95,6.808219178
"471","C03","Control","Y7",12.72328767,"m",NA,NA,NA,0.75,2,88,89,103,77,6.676712329
"472","C04","Control","Y7",12.67945205,"m","0.772727273",NA,NA,0.785714286,2,101,103,112,93,6.668493151
"473","C07","Control","Y7",12.83561644,"m","0.818181818",NA,NA,0.821428571,4,102,93,100,89,6.449315068
"474","C08","Control","Y7",13.90410959,"f","0.666666667",NA,NA,0.642857143,1,92,100,117,83,7.794520548
"475","C17","Control","Y7",12.84657534,"m","0.636363636",NA,NA,0.857142857,2,96,98,105,91,6.876712329
"476","C19","Control","Y7",13.7260274,"f","0.681818182",NA,NA,0.678571429,3,82,86,99,77,7.797260274
"477","M01","Music","Y7",NA,"",NA,NA,NA,NA,NA,NA,NA,NA,NA,5.978082192
"478","M03","Music","Y7",NA,"",NA,NA,NA,NA,NA,NA,NA,NA,NA,6.769863014
"479","M11","Music","Y7",NA,"",NA,NA,NA,NA,NA,NA,NA,NA,NA,6.720547945
"480","M15","Music","Y7",NA,"",NA,NA,NA,NA,NA,NA,NA,NA,NA,6.178082192
"481","S05","Sport","Y7",NA,"",NA,NA,NA,NA,NA,NA,NA,NA,NA,7.783561644
"482","S10","Sport","Y7",NA,"",NA,NA,NA,NA,NA,NA,NA,NA,NA,7.482191781
"483","S14","Sport","Y7",NA,"",NA,NA,NA,NA,NA,NA,NA,NA,NA,6.934246575
"484","S22","Sport","Y7",NA,"",NA,NA,NA,NA,NA,NA,NA,NA,NA,6.821917808
"485","C01","Control","Y7",NA,"",NA,NA,NA,NA,NA,NA,NA,NA,NA,7.389041096
"486","C05","Control","Y7",NA,"",NA,NA,NA,NA,NA,NA,NA,NA,NA,6.761643836
"487","C06","Control","Y7",NA,"",NA,NA,NA,NA,NA,NA,NA,NA,NA,7.98630137
"488","C11","Control","Y7",NA,"",NA,NA,NA,NA,NA,NA,NA,NA,NA,7.169863014
"489","C12","Control","Y7",NA,"",NA,NA,NA,NA,NA,NA,NA,NA,NA,7.336986301
"490","C18","Control","Y7",NA,"",NA,NA,NA,NA,NA,NA,NA,NA,NA,7.049315068
"491","M08","Music","Y7",NA,"",NA,NA,NA,NA,NA,NA,NA,NA,NA,6.852054795
"492","C10","Control","Y7",NA,"",NA,NA,NA,NA,NA,NA,NA,NA,NA,6.487671233
"493","C16","Control","Y7",NA,"",NA,NA,NA,NA,NA,NA,NA,NA,NA,6.501369863
"494","S15","Sport","Y7",NA,"",NA,NA,NA,NA,NA,NA,NA,NA,NA,7.263013699
"495","S21","Sport","Y7",NA,"",NA,NA,NA,NA,NA,NA,NA,NA,NA,5.978082192
"496","C09","Control","Y7",NA,"",NA,NA,NA,NA,NA,NA,NA,NA,NA,6.38630137
"497","S02","Sport","Y7",NA,"",NA,NA,NA,NA,NA,NA,NA,NA,NA,7.55890411
"498","S32","Sport","Y7",NA,"",NA,NA,NA,NA,NA,NA,NA,NA,NA,6.690410959
